{
  "task_difficulty": "hard",
  "agent_type": "heuristic",
  "num_episodes": 1,
  "episodes": [
    {
      "episode": 1,
      "reward": -33.74999999999995,
      "score": 0.18279411764705883,
      "steps": 100,
      "metrics": {
        "priority_handling": 0.0,
        "response_speed": 0.825,
        "resource_usage": 1.0,
        "final_score": 0.18279411764705883
      }
    }
  ],
  "statistics": {
    "avg_score": 0.18279411764705883,
    "avg_reward": -33.74999999999995,
    "final_scores": [
      0.18279411764705883
    ],
    "rewards": [
      -33.74999999999995
    ]
  }
}