{
  "task_difficulty": "hard",
  "agent_type": "heuristic",
  "num_episodes": 2,
  "episodes": [
    {
      "episode": 1,
      "reward": -35.849999999999945,
      "score": 0.18029411764705883,
      "steps": 100,
      "metrics": {
        "priority_handling": 0.0,
        "response_speed": 0.8166666666666667,
        "resource_usage": 1.0,
        "final_score": 0.18029411764705883
      }
    },
    {
      "episode": 2,
      "reward": -36.44999999999994,
      "score": 0.1816071428571429,
      "steps": 100,
      "metrics": {
        "priority_handling": 0.0,
        "response_speed": 0.7958333333333334,
        "resource_usage": 1.0,
        "final_score": 0.1816071428571429
      }
    }
  ],
  "statistics": {
    "avg_score": 0.18095063025210087,
    "avg_reward": -36.14999999999994,
    "final_scores": [
      0.18029411764705883,
      0.1816071428571429
    ],
    "episode_rewards": [
      -35.849999999999945,
      -36.44999999999994
    ]
  }
}